,CBSA_FIPS,City_FIPS,City_Name,Pop_2010,Pop_2000,City_Lat,City_Lon
7,41740,0666000,San Diego city,1307402,1223400,32.7167880,-117.1629310
12,41860,0667000,San Francisco city,805235,776733,37.7785030,-122.4183070
21,42660,5363000,Seattle city,608660,563374,47.6032570,-122.3302110
27,38900,4159000,Portland city,583776,529121,45.5150770,-122.6785270